Title,URL,LastUpdated
"Welcome to Dynamics 365 Finance","https://learn.microsoft.com/en-us/dynamics365/finance/finance-welcome","8/27/2025"
"What's new or changed in Dynamics 365 Finance","https://learn.microsoft.com/en-us/dynamics365/finance/get-started/whats-new-home-page","8/25/2025"
"Microsoft Dynamics 365 Finance","https://learn.microsoft.com/en-us/training/dynamics365/finance","UNKNOWN"
"Development and administration for finance and operations apps","https://learn.microsoft.com/en-us/dynamics365/fin-ops-core/dev-itpro","5/7/2025"
"Microsoft Dynamics 365 Commerce documentation","https://learn.microsoft.com/en-us/dynamics365/commerce","UNKNOWN"
"Microsoft Dynamics 365 Human Resources documentation","https://learn.microsoft.com/en-us/dynamics365/human-resources","UNKNOWN"
"Dynamics 365 Project Operations documentation","https://learn.microsoft.com/en-us/dynamics365/project-operations","UNKNOWN"
"Microsoft Dynamics 365 Supply Chain Management documentation","https://learn.microsoft.com/en-us/dynamics365/supply-chain","UNKNOWN"
"Dynamics 365 guidance documentation and other resources","https://learn.microsoft.com/en-us/dynamics365/guidance","UNKNOWN"
"Finance Troubleshooting and FAQs","https://learn.microsoft.com/en-us/dynamics365/finance/finance-troubleshooting","9/7/2024"
"Release plans for Dynamics 365, Power Platform, Cloud for Industry, and Copilot","https://learn.microsoft.com/en-us/dynamics365/release-plans","UNKNOWN"
"Get support for your Dynamics 365 product","https://learn.microsoft.com/en-us/dynamics365/get-started/support","8/27/2024"
"Microsoft Dynamics 365 and Power Platform data residency documentation","https://learn.microsoft.com/en-us/dynamics365/get-started/availability","10/13/2025"
"Microsoft Dynamics 365 Finance documentation","https://learn.microsoft.com/en-us/dynamics365/finance","UNKNOWN"
"Accounts payable home page","https://learn.microsoft.com/en-us/dynamics365/finance/accounts-payable/accounts-payable","8/27/2025"
"Vendor invoices overview","https://learn.microsoft.com/en-us/dynamics365/finance/accounts-payable/vendor-invoices-overview","3/3/2025"
"Configure Accounts payable overview","https://learn.microsoft.com/en-us/dynamics365/finance/accounts-payable/accounts-payable-overview","4/12/2024"
"Vendor posting profiles","https://learn.microsoft.com/en-us/dynamics365/finance/accounts-payable/vendor-posting-profiles","4/29/2024"
"Default offset accounts for vendor invoice and invoice approval journals","https://learn.microsoft.com/en-us/dynamics365/finance/accounts-payable/default-offset-accounts-vendor-invoice-journals","6/15/2023"
"Vendor invoice dates","https://learn.microsoft.com/en-us/dynamics365/finance/accounts-payable/vendor-invoice-dates","4/23/2024"
"Accounting distributions and journal entries for vendor invoices","https://learn.microsoft.com/en-us/dynamics365/finance/accounts-payable/accounting-distributions-subledger-journal-entries-vendor-invoices","4/26/2024"
"Copy vendors by using shared number sequences","https://learn.microsoft.com/en-us/dynamics365/finance/accounts-payable/vendor-copy","5/7/2025"
"Apply a payment schedule to the invoice journal","https://learn.microsoft.com/en-us/dynamics365/finance/accounts-payable/payment-invoice-journal","10/25/2024"
"Three-way matching policies","https://learn.microsoft.com/en-us/dynamics365/finance/accounts-payable/three-way-matching-policies","4/29/2024"
"Accounts payable invoice matching overview","https://learn.microsoft.com/en-us/dynamics365/finance/accounts-payable/accounts-payable-invoice-matching","5/15/2025"
"Set up Accounts payable invoice matching validation","https://learn.microsoft.com/en-us/dynamics365/finance/accounts-payable/tasks/set-up-accounts-payable-invoice-matching-validation","8/4/2025"
"Invoice capture solution","https://learn.microsoft.com/en-us/dynamics365/finance/accounts-payable/invoice-capture-overview","8/27/2025"
"What's new or changed in Invoice capture","https://learn.microsoft.com/en-us/dynamics365/finance/get-started/whats-new-invoice-capture","11/21/2025"
"Install the Invoice capture solution","https://learn.microsoft.com/en-us/dynamics365/finance/accounts-payable/install-invoice-capture","9/3/2025"
"Configure the Invoice capture solution","https://learn.microsoft.com/en-us/dynamics365/finance/accounts-payable/config-invoice-capture","7/14/2025"
"Manage channels in the Invoice capture solution","https://learn.microsoft.com/en-us/dynamics365/finance/accounts-payable/invoice-capture-channel","8/15/2024"
"Invoice capture solution configuration groups","https://learn.microsoft.com/en-us/dynamics365/finance/accounts-payable/invoice-capture-config-group","4/23/2024"
"Invoice capture solution mapping rules","https://learn.microsoft.com/en-us/dynamics365/finance/accounts-payable/invoice-capture-mapping-rules","4/23/2024"
"Invoice capture financial dimensions","https://learn.microsoft.com/en-us/dynamics365/finance/accounts-payable/invoice-capture-dim","4/23/2025"
"Invoice capture solution workspace","https://learn.microsoft.com/en-us/dynamics365/finance/accounts-payable/invoice-capture-workspace","12/8/2025"
"Invoice capture solution dashboard","https://learn.microsoft.com/en-us/dynamics365/finance/accounts-payable/invoice-capture-dashboard","4/23/2024"
"Invoice capture solution advanced settings","https://learn.microsoft.com/en-us/dynamics365/finance/accounts-payable/invoice-capture-advanced-settings","4/23/2024"
"Invoice capture received files","https://learn.microsoft.com/en-us/dynamics365/finance/accounts-payable/invoice-capture-rec-files","8/15/2024"
"Invoice capture FAQ","https://learn.microsoft.com/en-us/dynamics365/finance/accounts-payable/invoice-capture-faq","9/26/2025"
"Key invoice data in accounts payable using a vendor invoice","https://learn.microsoft.com/en-us/dynamics365/finance/accounts-payable/tasks/key-invoice-data-ap-system-vendor-invoice","8/5/2025"
"Key invoice data into accounts payable using an approval journal","https://learn.microsoft.com/en-us/dynamics365/finance/accounts-payable/tasks/key-invoice-data-into-ap-system-approval-journal","8/5/2025"
"Key invoice data into Accounts payable using invoice pool","https://learn.microsoft.com/en-us/dynamics365/finance/accounts-payable/tasks/key-invoice-data-into-ap-system-invoice-pool","8/5/2025"
"Record a vendor invoice in the invoice journal","https://learn.microsoft.com/en-us/dynamics365/finance/accounts-payable/tasks/record-vendor-invoice-invoice-journal","8/5/2025"
"Record vendor invoice and match against received quantity","https://learn.microsoft.com/en-us/dynamics365/finance/accounts-payable/tasks/record-vendor-invoice-match-against-received-quantity","8/5/2025"
"Automated vendor invoicing processes overview","https://learn.microsoft.com/en-us/dynamics365/finance/accounts-payable/auto-vendr-invc-process","12/21/2024"
"Set up options for vendor invoice automation","https://learn.microsoft.com/en-us/dynamics365/finance/accounts-payable/vnd-invoice-set-up-options","9/5/2024"
"Automatically apply to vendor invoices","https://learn.microsoft.com/en-us/dynamics365/finance/accounts-payable/apply-prepymnts-overview","4/23/2024"
"Generate invoice lines when you import vendor invoices","https://learn.microsoft.com/en-us/dynamics365/finance/accounts-payable/auto-create-invc-lines-at-import","12/21/2024"
"Submit invoices to the workflow system and match product receipt lines","https://learn.microsoft.com/en-us/dynamics365/finance/accounts-payable/submit-invoice-workflow-automatically","4/23/2024"
"View vendor invoice automation results","https://learn.microsoft.com/en-us/dynamics365/finance/accounts-payable/view-automated-vendor-invoice","4/23/2024"
"Vendor invoice automation workspace","https://learn.microsoft.com/en-us/dynamics365/finance/accounts-payable/vendor-invoices-workspace","4/23/2024"
"Recurring vendor invoices","https://learn.microsoft.com/en-us/dynamics365/finance/accounts-payable/recurring-invoice","5/7/2025"
"Vendor invoice center workspace overview","https://learn.microsoft.com/en-us/dynamics365/finance/accounts-payable/vendor-invoice-workspace","4/23/2024"
"Vendor aging report","https://learn.microsoft.com/en-us/dynamics365/finance/accounts-payable/vendor-aging-report","4/29/2024"
"Vendor aging data storage","https://learn.microsoft.com/en-us/dynamics365/finance/accounts-payable/vendor-aging-data-store","4/20/2023"
"Invoice matching and intercompany purchase orders","https://learn.microsoft.com/en-us/dynamics365/finance/accounts-payable/invoice-matching-intercompany-purchase-orders","5/7/2025"
"Set up vendor invoice policies","https://learn.microsoft.com/en-us/dynamics365/finance/accounts-receivable/tasks/set-up-vendor-invoice-policies","8/5/2025"
"Automate vendor payment proposals","https://learn.microsoft.com/en-us/dynamics365/finance/accounts-payable/automate-vendor-payment-proposal","6/8/2023"
"Positive pay overview","https://learn.microsoft.com/en-us/dynamics365/finance/accounts-payable/positive-pay-overview","4/23/2024"
"Set up and generate positive pay files","https://learn.microsoft.com/en-us/dynamics365/finance/accounts-payable/set-up-generate-positive-pay-files","6/13/2023"
"Set up positive pay files by using Electronic reporting","https://learn.microsoft.com/en-us/dynamics365/finance/accounts-payable/set-up-positive-pay-er","5/30/2023"
"Vendor workflow","https://learn.microsoft.com/en-us/dynamics365/finance/accounts-payable/vendor-workflow","4/23/2024"
"Vendor bank account workflow","https://learn.microsoft.com/en-us/dynamics365/finance/accounts-payable/vendor-bank-account-workflow","4/23/2024"
"Resolve discrepancies during invoice totals matching overview","https://learn.microsoft.com/en-us/dynamics365/finance/accounts-payable/resolve-invoice-totals-invoice-matching-discrepancies","4/23/2024"
"Research or resolve exceptions","https://learn.microsoft.com/en-us/dynamics365/finance/accounts-payable/tasks/research-resolve-exceptions","8/5/2025"
"Accounts payable posting","https://learn.microsoft.com/en-us/dynamics365/finance/general-ledger/accts-payble-posting","6/18/2024"
"Create charges codes","https://learn.microsoft.com/en-us/dynamics365/finance/accounts-receivable/create-charges-codes","3/23/2023"
"Currency revaluation for Accounts payable and Accounts receivable","https://learn.microsoft.com/en-us/dynamics365/finance/cash-bank-management/foreign-currency-revaluation-accounts-payable-accounts-receivable","2/25/2025"
"Mobile invoice approvals","https://learn.microsoft.com/en-us/dynamics365/finance/accounts-payable/mobile-invoice-approvals","6/9/2022"
"Vendor collaboration invoicing workspace","https://learn.microsoft.com/en-us/dynamics365/finance/accounts-payable/vendor-portal-invoicing-workspace","4/23/2024"
"Invoice automation for scanned documents","https://learn.microsoft.com/en-us/dynamics365/finance/accounts-payable/vendor-invoice-automation","6/28/2022"
"Broker contract management","https://learn.microsoft.com/en-us/dynamics365/finance/accounts-payable/broker-contract","6/13/2023"
"Royalty contract management","https://learn.microsoft.com/en-us/dynamics365/finance/accounts-payable/royalty-contract","4/29/2024"
"Reference original invoices in credit notes (vendor invoices)","https://learn.microsoft.com/en-us/dynamics365/finance/accounts-payable/gbl-original-invoice-numbers-credit-notes-ap","5/7/2025"
"Centralized payments for Accounts payable","https://learn.microsoft.com/en-us/dynamics365/finance/accounts-payable/centralized-payments-accounts-payable","6/3/2022"
"Set up and process bridged payments","https://learn.microsoft.com/en-us/dynamics365/finance/accounts-receivable/set-up-and-process-bridged-payments","5/7/2025"
"Configure settlement","https://learn.microsoft.com/en-us/dynamics365/finance/cash-bank-management/configure-settlement","4/24/2025"
"Settle remainder","https://learn.microsoft.com/en-us/dynamics365/finance/cash-bank-management/settle-remainder","5/2/2024"
"Vendor payment overview","https://learn.microsoft.com/en-us/dynamics365/finance/cash-bank-management/tasks/vendor-payment-overview","8/27/2025"
"Vendor payments workspace","https://learn.microsoft.com/en-us/dynamics365/finance/accounts-payable/vendor-payments-workspace","4/23/2024"
"Specify the cross rate","https://learn.microsoft.com/en-us/dynamics365/finance/accounts-payable/specify-cross-rate","4/23/2024"
"Define vendor payment fees","https://learn.microsoft.com/en-us/dynamics365/finance/accounts-payable/tasks/define-vendor-payment-fees","8/5/2025"
"Define vendor payment terms","https://learn.microsoft.com/en-us/dynamics365/finance/accounts-payable/tasks/define-vendor-payment-terms","8/5/2025"
"Create vendor payments by using a payment proposal","https://learn.microsoft.com/en-us/dynamics365/finance/accounts-payable/create-vendor-payments-payment-proposal","11/19/2025"
"Post detailed vendor and customer payments","https://learn.microsoft.com/en-us/dynamics365/finance/general-ledger/summary-payment","1/31/2023"
"Reverse a vendor payment","https://learn.microsoft.com/en-us/dynamics365/finance/accounts-payable/reverse-vendor-payment","10/25/2022"
"Electronic reporting sample vendor checks","https://learn.microsoft.com/en-us/dynamics365/finance/accounts-payable/electronic-reporting-sample-vendor-checks","10/2/2025"
"Prepayment invoices vs. prepayments","https://learn.microsoft.com/en-us/dynamics365/finance/accounts-payable/prepayments-invoices-vs-prepayments","7/11/2025"
"Settle partial payment before discount date and final payment after discount date","https://learn.microsoft.com/en-us/dynamics365/finance/accounts-payable/settle-partial-vendor-payment-before-discount-or-final-payment-after","4/23/2024"
"Settle a partial vendor payment that has discounts on credit notes","https://learn.microsoft.com/en-us/dynamics365/finance/accounts-payable/settle-partial-vendor-payment-discounts-vendor-credit-notes","4/23/2024"
"Settle a partial vendor payment that has multiple discount periods","https://learn.microsoft.com/en-us/dynamics365/finance/accounts-payable/settle-partial-vendor-payment-multiple-discount-periods","4/23/2024"
"Settle a partial vendor payment and the final payment in full before the discount date","https://learn.microsoft.com/en-us/dynamics365/finance/accounts-payable/settle-partial-vendor-payment-or-final-payment-before-discount","4/23/2024"
"Single voucher with multiple customer or vendor records","https://learn.microsoft.com/en-us/dynamics365/finance/accounts-payable/single-voucher-multiple-customer-vendor-records","8/12/2022"
"Take a cash discount outside the cash discount period","https://learn.microsoft.com/en-us/dynamics365/finance/accounts-payable/take-cash-discount-outside-cash-discount-timeframe","4/23/2024"
"Take more than the calculated discount for a vendor payment","https://learn.microsoft.com/en-us/dynamics365/finance/accounts-payable/take-discount-more-calculated-discount-vendor-payment","4/23/2024"
"Vendor payments for a partial amount","https://learn.microsoft.com/en-us/dynamics365/finance/accounts-payable/vendor-payments-partial-amount","4/23/2024"
"Vendor transactions list page","https://learn.microsoft.com/en-us/dynamics365/finance/accounts-payable/vendor-transaction-list-page","4/23/2024"
"Accounts receivable home page","https://learn.microsoft.com/en-us/dynamics365/finance/accounts-receivable/accounts-receivable","7/11/2025"
"Establish customer payment terms","https://learn.microsoft.com/en-us/dynamics365/finance/general-ledger/tasks/establish-customer-payment-terms","9/8/2025"
"Establish customer method of payment","https://learn.microsoft.com/en-us/dynamics365/finance/accounts-receivable/tasks/establish-customer-method-payment","8/5/2025"
"Establish customer payment fees","https://learn.microsoft.com/en-us/dynamics365/finance/accounts-receivable/tasks/establish-customer-payment-fees","8/5/2025"
"Customer page summary","https://learn.microsoft.com/en-us/dynamics365/finance/accounts-receivable/customerpagesummary","1/31/2025"
"Customer payment insights","https://learn.microsoft.com/en-us/dynamics365/finance/accounts-receivable/payment-insights-overview","4/25/2024"
"Accounts receivable posting","https://learn.microsoft.com/en-us/dynamics365/finance/general-ledger/accts-recvble-posting","9/25/2025"
"Customer posting profiles","https://learn.microsoft.com/en-us/dynamics365/finance/accounts-receivable/customer-posting-profiles","9/7/2024"
"Copy customers by using shared number sequences","https://learn.microsoft.com/en-us/dynamics365/finance/accounts-receivable/copy-customer","5/7/2025"
"Customer workflow","https://learn.microsoft.com/en-us/dynamics365/finance/accounts-receivable/customer-workflow","5/7/2025"
"Set up and process recurring invoices","https://learn.microsoft.com/en-us/dynamics365/finance/accounts-receivable/set-up-process-recurring-invoices","9/7/2024"
"SEPA direct debit overview","https://learn.microsoft.com/en-us/dynamics365/finance/accounts-receivable/sepa-direct-debit-overview","6/3/2022"
"Set up SEPA direct debit mandate","https://learn.microsoft.com/en-us/dynamics365/finance/accounts-receivable/sepa-direct-debit-mandate","5/7/2025"
"Credit card setup, authorization, and capture","https://learn.microsoft.com/en-us/dynamics365/finance/accounts-receivable/credit-card-authorizations","9/7/2024"
"Process incomplete credit card payments","https://learn.microsoft.com/en-us/dynamics365/finance/accounts-receivable/credit-card-refactor","4/25/2024"
"Create a free text invoice","https://learn.microsoft.com/en-us/dynamics365/finance/accounts-receivable/create-free-text-invoice-new","5/7/2025"
"Free text invoice optimization","https://learn.microsoft.com/en-us/dynamics365/finance/accounts-receivable/free-text-invoice-optimization","7/29/2024"
"Use financial tags to display free text invoice descriptions","https://learn.microsoft.com/en-us/dynamics365/finance/accounts-receivable/free-text-inv-desc","9/7/2024"
"Accounting distributions and subledger entries for free text invoices","https://learn.microsoft.com/en-us/dynamics365/finance/accounts-receivable/accounting-distributions-subledger-journal-entries-free-text-invoices","9/24/2025"
"Create a free text invoice template","https://learn.microsoft.com/en-us/dynamics365/finance/accounts-receivable/create-free-text-invoice-template-new","5/7/2025"
"Customer invoice logging framework for tracking sales order and free text invoice history in Dynamics 365 Finance","https://learn.microsoft.com/en-us/dynamics365/finance/accounts-receivable/cust-inv-log-frame","9/4/2025"
"Display the company logo on the customer account statement","https://learn.microsoft.com/en-us/dynamics365/finance/accounts-receivable/remove-logo-cust-stmt","4/26/2024"
"Correct a free text invoice","https://learn.microsoft.com/en-us/dynamics365/finance/accounts-receivable/correct-free-text-invoice","5/7/2025"
"Assign a free text invoice template to a customer","https://learn.microsoft.com/en-us/dynamics365/finance/accounts-receivable/tasks/assign-free-text-invoice-template-customer","8/5/2025"
"Generate and post recurring free text invoices","https://learn.microsoft.com/en-us/dynamics365/finance/accounts-receivable/tasks/post-recurring-free-text-invoices","8/5/2025"
"Create sales order invoices","https://learn.microsoft.com/en-us/dynamics365/finance/accounts-receivable/tasks/create-sales-order-invoices","8/5/2025"
"Customer prepayment invoices","https://learn.microsoft.com/en-us/dynamics365/finance/accounts-receivable/customer-prepayment-invoice","7/1/2025"
"Create a customer invoice","https://learn.microsoft.com/en-us/dynamics365/finance/accounts-receivable/configure-customer-invoices","5/30/2023"
"Improve performance and efficiency of sales invoice entities","https://learn.microsoft.com/en-us/dynamics365/finance/accounts-receivable/sales-entity-improve","11/16/2024"
"Customer transactions list page","https://learn.microsoft.com/en-us/dynamics365/finance/accounts-receivable/customer-transactions-list-page","9/7/2024"
"Customer and invoice accounts","https://learn.microsoft.com/en-us/dynamics365/finance/accounts-receivable/customer-inv-account","9/7/2024"
"Set up bills of exchange","https://learn.microsoft.com/en-us/dynamics365/finance/accounts-receivable/set-up-bills-exchange","7/11/2025"
"Close Accounts receivable","https://learn.microsoft.com/en-us/dynamics365/finance/accounts-receivable/close-accounts-receivable","4/25/2024"
"Customer account rename data maintenance","https://learn.microsoft.com/en-us/dynamics365/finance/accounts-receivable/customer-data-maintenance","4/30/2024"
"Revenue recognition overview","https://learn.microsoft.com/en-us/dynamics365/finance/accounts-receivable/revenue-recognition-overview","1/8/2025"
"Revenue recognition setup","https://learn.microsoft.com/en-us/dynamics365/finance/accounts-receivable/revenue-recognition-setup","8/16/2023"
"Recognize deferred revenue","https://learn.microsoft.com/en-us/dynamics365/finance/accounts-receivable/revenue-recognition-recognize-deferred-revenue","8/16/2023"
"Revenue recognition on sales orders","https://learn.microsoft.com/en-us/dynamics365/finance/accounts-receivable/revenue-recognition-so-basics","5/7/2025"
"Revenue recognition bundles","https://learn.microsoft.com/en-us/dynamics365/finance/accounts-receivable/rev-rec-bundles","5/7/2025"
"Revenue recognition reallocation","https://learn.microsoft.com/en-us/dynamics365/finance/accounts-receivable/rev-rec-reallocation","2/23/2023"
"Revenue recognition reallocation – Scenario 1","https://learn.microsoft.com/en-us/dynamics365/finance/accounts-receivable/rev-rec-reallocation-scenario-1","5/7/2025"
"Revenue recognition reallocation – Scenario 2","https://learn.microsoft.com/en-us/dynamics365/finance/accounts-receivable/rev-rec-reallocation-scenario-2","8/24/2022"
"Revenue recognition reallocation – Scenario 3","https://learn.microsoft.com/en-us/dynamics365/finance/accounts-receivable/rev-rec-reallocation-scenario-3","5/7/2025"
"Revenue recognition reallocation – Scenario 4","https://learn.microsoft.com/en-us/dynamics365/finance/accounts-receivable/rev-rec-reallocation-scenario-4","5/7/2025"
"Subscription billing overview","https://learn.microsoft.com/en-us/dynamics365/finance/accounts-receivable/subscription-billing-summary","5/13/2025"
"Performance improvements for subscription billing consumption entry","https://learn.microsoft.com/en-us/dynamics365/finance/accounts-receivable/sub-bill-perf-improve","4/27/2025"
"Recurring contract billing parameters","https://learn.microsoft.com/en-us/dynamics365/finance/accounts-receivable/sb-recur-bill-parameters","9/4/2025"
"Create billing schedules","https://learn.microsoft.com/en-us/dynamics365/finance/accounts-receivable/sb-billing-schedules","4/29/2024"
"Copy a billing schedule","https://learn.microsoft.com/en-us/dynamics365/finance/accounts-receivable/sb-copy-schedules-items","5/7/2025"
"Generate invoices from billing schedules","https://learn.microsoft.com/en-us/dynamics365/finance/accounts-receivable/sb-generate-invoice","2/27/2025"
"Customer split on billing schedules","https://learn.microsoft.com/en-us/dynamics365/finance/accounts-receivable/sb-customer-split","11/4/2022"
"Billing schedule features","https://learn.microsoft.com/en-us/dynamics365/finance/accounts-receivable/sb-schedule-billing-features","2/4/2025"
"Milestone billing","https://learn.microsoft.com/en-us/dynamics365/finance/accounts-receivable/sb-milestonebilling","1/31/2023"
"Revenue allocation","https://learn.microsoft.com/en-us/dynamics365/finance/accounts-receivable/sb-rev-allocation","6/3/2022"
"Support and renewals","https://learn.microsoft.com/en-us/dynamics365/finance/accounts-receivable/sb-support-renewals","6/3/2022"
"Unbilled revenue","https://learn.microsoft.com/en-us/dynamics365/finance/accounts-receivable/sb-unbilled-revenue","10/10/2022"
"Billing schedules with projects","https://learn.microsoft.com/en-us/dynamics365/finance/accounts-receivable/sb-bill-sched-project","5/7/2025"
"Consumer price index schedule","https://learn.microsoft.com/en-us/dynamics365/finance/accounts-receivable/cpischedules","9/4/2025"
"Terminate billing schedules","https://learn.microsoft.com/en-us/dynamics365/finance/accounts-receivable/terminate-billing-schedule","6/3/2022"
"Alignment date scenarios","https://learn.microsoft.com/en-us/dynamics365/finance/accounts-receivable/sb-alignment-date-examples","6/3/2022"
"Revenue split templates in Subscription billing","https://learn.microsoft.com/en-us/dynamics365/finance/accounts-receivable/sb-revenue-split","1/31/2023"
"Periodic tasks in Recurring contract billing","https://learn.microsoft.com/en-us/dynamics365/finance/accounts-receivable/sb-periodic-tasks","2/22/2023"
"Revenue and expense deferrals in Subscription billing","https://learn.microsoft.com/en-us/dynamics365/finance/accounts-receivable/sb-deferrals","4/29/2024"
"Project deferrals","https://learn.microsoft.com/en-us/dynamics365/finance/accounts-receivable/sb-project-deferrals","5/7/2025"
"Project subscription billing deferral COGS adjustment (preview)","https://learn.microsoft.com/en-us/dynamics365/finance/accounts-receivable/sb-project-defferal","9/3/2025"
"Migrate Revenue recognition to Subscription billing","https://learn.microsoft.com/en-us/dynamics365/finance/accounts-receivable/sb-revrecsubbillmigration","4/25/2024"
"Data maintenance job for backfilling deferral schedule line fields","https://learn.microsoft.com/en-us/dynamics365/finance/accounts-receivable/sb-data-main-back-fill","8/14/2025"
"Deferral posting methods","https://learn.microsoft.com/en-us/dynamics365/finance/accounts-receivable/deferral-posting-methods","6/15/2022"
"Subscription billing deferral COGS adjustment (preview)","https://learn.microsoft.com/en-us/dynamics365/finance/accounts-receivable/sb-defferal-cogs","9/12/2025"
"Deferral schedules","https://learn.microsoft.com/en-us/dynamics365/finance/accounts-receivable/sb-deferrals-schedules","1/22/2025"
"Deferral default transactions","https://learn.microsoft.com/en-us/dynamics365/finance/accounts-receivable/sb-deferral-transactions","6/3/2022"
"Correct calculation of deferral schedules and unbilled revenue during subscription termination","https://learn.microsoft.com/en-us/dynamics365/finance/accounts-receivable/correct-def-schedule","4/27/2025"
"Set up multiple element revenue allocation","https://learn.microsoft.com/en-us/dynamics365/finance/accounts-receivable/sb-rev-alloc-setup","6/3/2022"
"Customer payment overview","https://learn.microsoft.com/en-us/dynamics365/finance/cash-bank-management/tasks/customer-payment-overview","8/27/2025"
"Centralized payments for Accounts receivable","https://learn.microsoft.com/en-us/dynamics365/finance/accounts-receivable/centralized-payments-accounts-receivable","2/17/2023"
"Deposit customer payments","https://learn.microsoft.com/en-us/dynamics365/finance/accounts-receivable/tasks/deposit-customer-payments","8/5/2025"
"Create a direct debit mandate for a customer","https://learn.microsoft.com/en-us/dynamics365/finance/accounts-receivable/tasks/create-direct-debit-mandate-customer","8/5/2025"
"Use one payment to settle invoices that span multiple discount periods","https://learn.microsoft.com/en-us/dynamics365/finance/accounts-receivable/customer-payment-settle-multiple-invoices-multiple-discount-periods","11/15/2022"
"Settle partial and final payments in full before the discount date","https://learn.microsoft.com/en-us/dynamics365/finance/accounts-payable/settle-partial-customer-payment-or-final-payment-before-discount","11/15/2022"
"Settle partial payment before discount date with final payment after discount date","https://learn.microsoft.com/en-us/dynamics365/finance/accounts-receivable/settle-partial-customer-payment-before-discount-or-final-payment-after","4/25/2024"
"Settle a partial customer payment that has discounts on credit notes","https://learn.microsoft.com/en-us/dynamics365/finance/accounts-receivable/settle-partial-customer-payment-discounts-credit-notes","4/25/2024"
"Settle a partial customer payment that has multiple discount periods","https://learn.microsoft.com/en-us/dynamics365/finance/accounts-receivable/settle-partial-customer-payment-multiple-discount-periods","4/25/2024"
"Customer prepayments","https://learn.microsoft.com/en-us/dynamics365/finance/accounts-receivable/customer-prepayments","9/7/2024"
"Reimburse customers","https://learn.microsoft.com/en-us/dynamics365/finance/accounts-receivable/reimburse-customers","5/7/2025"
"Customer payments for a partial amount","https://learn.microsoft.com/en-us/dynamics365/finance/accounts-receivable/customer-payments-partial-amount","7/11/2025"
"Refund payment processing in the customer payment journal","https://learn.microsoft.com/en-us/dynamics365/finance/accounts-receivable/refund-customers","5/7/2025"
"Credit and collections overview","https://learn.microsoft.com/en-us/dynamics365/finance/accounts-receivable/cm-credit-and-collections-overview","9/7/2024"
"Configure Accounts receivable and credit and collections","https://learn.microsoft.com/en-us/dynamics365/finance/accounts-receivable/accounts-receivables-set-up-overview","4/12/2024"
"Collections management key concepts","https://learn.microsoft.com/en-us/dynamics365/finance/accounts-receivable/cm-collections-concepts","6/3/2022"
"Set up collections","https://learn.microsoft.com/en-us/dynamics365/finance/accounts-receivable/set-up-collections","6/3/2022"
"Review collections information","https://learn.microsoft.com/en-us/dynamics365/finance/accounts-receivable/tasks/review-collections-information","8/4/2025"
"Customer aging snapshots","https://learn.microsoft.com/en-us/dynamics365/finance/accounts-receivable/customer-aging-snapshot","9/7/2024"
"Customer aging report","https://learn.microsoft.com/en-us/dynamics365/finance/accounts-receivable/customer-aging","3/26/2024"
"Customer aging data storage","https://learn.microsoft.com/en-us/dynamics365/finance/accounts-receivable/customer-aging-data-storage","4/25/2024"
"Create a collection letter sequence","https://learn.microsoft.com/en-us/dynamics365/finance/accounts-receivable/tasks/create-collection-letter-sequence","8/5/2025"
"Process collection letters","https://learn.microsoft.com/en-us/dynamics365/finance/accounts-receivable/tasks/process-collection-letters","8/5/2025"
"Process collection letters example","https://learn.microsoft.com/en-us/dynamics365/finance/accounts-receivable/process-collection-letters-example","9/17/2025"
"Collections process automation","https://learn.microsoft.com/en-us/dynamics365/finance/accounts-receivable/collections-process-automate","5/8/2025"
"Configure parameters for collection process automation","https://learn.microsoft.com/en-us/dynamics365/finance/accounts-receivable/config-paramtrs-collections-proc-automate","10/2/2025"
"Set up and generate accounts receivable aging information","https://learn.microsoft.com/en-us/dynamics365/finance/accounts-receivable/tasks/set-up-accounts-receivable-aging-information","8/5/2025"
"Create a write-off journal for a customer","https://learn.microsoft.com/en-us/dynamics365/finance/accounts-receivable/tasks/create-write-off-journal-customer","8/5/2025"
"Collections coordinator workspace","https://learn.microsoft.com/en-us/dynamics365/finance/accounts-receivable/collectionsworkspace","1/17/2025"
"Collections coordinator summary","https://learn.microsoft.com/en-us/dynamics365/finance/accounts-receivable/collectionscoordinatorsummary","1/21/2025"
"Credit management parameters setup","https://learn.microsoft.com/en-us/dynamics365/finance/accounts-receivable/cm-credit-mgmt-setup","7/24/2025"
"Credit management setup","https://learn.microsoft.com/en-us/dynamics365/finance/accounts-receivable/cm-setup-information","5/7/2025"
"Add credit management information for customers","https://learn.microsoft.com/en-us/dynamics365/finance/accounts-receivable/cm-add-credit-mgmt-information-customer","6/3/2022"
"Customer credit groups","https://learn.microsoft.com/en-us/dynamics365/finance/accounts-receivable/cm-customer-credit-groups","4/25/2024"
"Credit limit adjustments","https://learn.microsoft.com/en-us/dynamics365/finance/accounts-receivable/cm-credit-limit-adjustments","6/3/2022"
"Credit limit scenarios","https://learn.microsoft.com/en-us/dynamics365/finance/accounts-receivable/credit-limit-scenarios","7/8/2022"
"Credit holds for sales orders","https://learn.microsoft.com/en-us/dynamics365/finance/accounts-receivable/cm-sales-order-credit-holds","3/30/2024"
"Periodic credit management tasks","https://learn.microsoft.com/en-us/dynamics365/finance/accounts-receivable/cm-periodic-tasks","1/29/2025"
"Collections process automation FAQ","https://learn.microsoft.com/en-us/dynamics365/finance/accounts-receivable/coll-process-auto-faq","1/29/2025"
"Credit statistics FAQ","https://learn.microsoft.com/en-us/dynamics365/finance/accounts-receivable/credit-statistics-faq","10/19/2023"
"Credit limit holds FAQ","https://learn.microsoft.com/en-us/dynamics365/finance/accounts-receivable/credit-hold-faq","8/11/2025"
"Set up interest rates for an interest code","https://learn.microsoft.com/en-us/dynamics365/finance/accounts-receivable/set-up-interest-rates-interest-code","4/25/2024"
"Create an interest code with a range","https://learn.microsoft.com/en-us/dynamics365/finance/accounts-receivable/tasks/create-interest-code-range","8/5/2025"
"Waive, reinstate, or reverse interest fees","https://learn.microsoft.com/en-us/dynamics365/finance/accounts-receivable/waive-reinstate-reverse-interest-fees","3/28/2023"
"Process interest","https://learn.microsoft.com/en-us/dynamics365/finance/accounts-receivable/tasks/process-interest","8/5/2025"
"Advanced notes management","https://learn.microsoft.com/en-us/dynamics365/finance/localizations/italy/emea-ita-exil-structured-notes","6/5/2024"
"References to original invoices in credit notes","https://learn.microsoft.com/en-us/dynamics365/finance/accounts-receivable/original-invoice-numbers-credit-notes","10/2/2025"
"Numbering documents and vouchers chronologically","https://learn.microsoft.com/en-us/dynamics365/finance/accounts-receivable/chrono-numbers","10/2/2025"
"Archive printed customer invoices with hash numbers","https://learn.microsoft.com/en-us/dynamics365/finance/accounts-receivable/archive-printed-invoices","10/2/2025"
"Data maintenance jobs for cleaning temporary data","https://learn.microsoft.com/en-us/dynamics365/finance/accounts-receivable/data-main-job","4/28/2025"
"Budgeting home page","https://learn.microsoft.com/en-us/dynamics365/finance/budgeting/budgeting-overview","7/11/2025"
"Budget planning overview","https://learn.microsoft.com/en-us/dynamics365/finance/budgeting/budget-planning-overview-configuration","5/15/2025"
"Budgeting overview","https://learn.microsoft.com/en-us/dynamics365/finance/budgeting/basic-budgeting-overview-configuration","8/27/2025"
"Create budget register entries","https://learn.microsoft.com/en-us/dynamics365/finance/budgeting/budget-register-entries","3/6/2025"
"Position forecasting","https://learn.microsoft.com/en-us/dynamics365/finance/budgeting/position-forecasting","3/9/2023"
"Budget planning justification documents","https://learn.microsoft.com/en-us/dynamics365/finance/budgeting/budget-planning-justification-docs","9/24/2025"
"Create a budget from transaction accounts and total accounts","https://learn.microsoft.com/en-us/dynamics365/finance/budgeting/create-budget-transaction-accounts-total-accounts","7/2/2024"
"Budget plan narrative","https://learn.microsoft.com/en-us/dynamics365/finance/budgeting/budget-narrative","9/24/2025"
"Budget planning templates for Excel","https://learn.microsoft.com/en-us/dynamics365/finance/budgeting/budget-planning-excel-templates","7/16/2025"
"Extend the budget planning layout","https://learn.microsoft.com/en-us/dynamics365/finance/dev-itpro/extending-budget-planning-layout","10/8/2025"
"Frequently asked questions about position budgeting","https://learn.microsoft.com/en-us/dynamics365/finance/budgeting/position-budgeting-set-up-issues","4/30/2024"
"Budget planning","https://learn.microsoft.com/en-us/dynamics365/finance/budgeting/budget-plan","11/21/2024"
"Budget planning data allocation","https://learn.microsoft.com/en-us/dynamics365/finance/budgeting/budget-planning-data-allocation","9/24/2025"
"Budget planning integration with other modules","https://learn.microsoft.com/en-us/dynamics365/finance/budgeting/budget-planning-integration-other-modules","5/4/2022"
"Budget control overview","https://learn.microsoft.com/en-us/dynamics365/finance/budgeting/budget-control-overview-configuration","10/21/2025"
"Budget funds available","https://learn.microsoft.com/en-us/dynamics365/finance/budgeting/budget-funds-available","10/24/2025"
"Budget analysis report","https://learn.microsoft.com/en-us/dynamics365/finance/public-sector/budget-analysis-report","1/3/2025"
"Budget control statistics report vs. Budget analysis report","https://learn.microsoft.com/en-us/dynamics365/finance/budgeting/budget-control-statistics-and-budget-analysis-report","7/15/2025"
"Purchase order year-end close","https://learn.microsoft.com/en-us/dynamics365/finance/budgeting/purchase-order-year-end-process","4/1/2025"
"Cash and bank management home page","https://learn.microsoft.com/en-us/dynamics365/finance/cash-bank-management/cash-bank-management","10/2/2025"
"Petty cash","https://learn.microsoft.com/en-us/dynamics365/finance/cash-bank-management/petty-cash","1/31/2024"
"Cash flow forecasting","https://learn.microsoft.com/en-us/dynamics365/finance/cash-bank-management/cash-flow-forecasting","8/21/2025"
"Troubleshoot cash flow forecasting setup","https://learn.microsoft.com/en-us/dynamics365/finance/cash-bank-management/cash-flow-forecasting-tsg","9/24/2025"
"Bank account lifecycle management","https://learn.microsoft.com/en-us/dynamics365/finance/cash-bank-management/bank-acct-workflow","10/23/2025"
"Bank management workspace","https://learn.microsoft.com/en-us/dynamics365/finance/cash-bank-management/bank-management-workspace","5/2/2024"
"Bank foreign currency revaluation","https://learn.microsoft.com/en-us/dynamics365/finance/cash-bank-management/bank-revaluation","9/24/2025"
"Cash discounts","https://learn.microsoft.com/en-us/dynamics365/finance/cash-bank-management/cash-discounts","7/11/2025"
"Cash discounts for overpayments","https://learn.microsoft.com/en-us/dynamics365/finance/cash-bank-management/cash-discount-handling-overpayments","9/24/2025"
"Manage International Bank Account Number (IBAN) account validation","https://learn.microsoft.com/en-us/dynamics365/finance/cash-bank-management/iban-validation","5/7/2025"
"Net customer and vendor balances","https://learn.microsoft.com/en-us/dynamics365/finance/cash-bank-management/net-customer-and-vendor-balances","10/2/2025"
"Settlement overview","https://learn.microsoft.com/en-us/dynamics365/finance/cash-bank-management/settlement-overview","4/27/2025"
"Settlement overview for centralized payments","https://learn.microsoft.com/en-us/dynamics365/finance/cash-bank-management/settlement-overview-centralized-payments","11/23/2022"
"Set up centralized payments","https://learn.microsoft.com/en-us/dynamics365/finance/cash-bank-management/set-up-centralized-payments","11/23/2022"
"Automatic settlement and prioritization","https://learn.microsoft.com/en-us/dynamics365/finance/accounts-receivable/automatic-settlement-prioritization","4/27/2025"
"Letters of credit and import collections","https://learn.microsoft.com/en-us/dynamics365/finance/cash-bank-management/letters-of-credit-import-collections","6/19/2024"
"Set up bank facilities and posting profiles for letter of credit","https://learn.microsoft.com/en-us/dynamics365/finance/cash-bank-management/tasks/set-up-bank-facilities-posting-profiles-letter-credit","6/19/2024"
"Create a bank facility agreement for a letter of credit","https://learn.microsoft.com/en-us/dynamics365/finance/cash-bank-management/tasks/create-bank-facility-agreement-letter-credit","8/27/2025"
"Export letter of credit","https://learn.microsoft.com/en-us/dynamics365/finance/cash-bank-management/tasks/export-letter-credit","8/27/2025"
"Import letter of credit","https://learn.microsoft.com/en-us/dynamics365/finance/cash-bank-management/tasks/import-letter-credit","6/10/2025"
"Letters of guarantee","https://learn.microsoft.com/en-us/dynamics365/finance/cash-bank-management/letters-of-guarantee","5/28/2024"
"Letter of guarantee transaction","https://learn.microsoft.com/en-us/dynamics365/finance/cash-bank-management/tasks/letter-guarantee-transaction","6/10/2025"
"Create a bank facility agreement for the letter of guarantee","https://learn.microsoft.com/en-us/dynamics365/finance/cash-bank-management/tasks/create-bank-facility-agreement-letter-guarantee","6/10/2025"
"Set up bank facilities and posting profiles for letters of guarantee","https://learn.microsoft.com/en-us/dynamics365/finance/cash-bank-management/tasks/set-up-bank-facilities-posting-profiles","6/10/2025"
"Check number validation","https://learn.microsoft.com/en-us/dynamics365/finance/cash-bank-management/check-number-validation","11/9/2023"
"Create checks that have Blank status","https://learn.microsoft.com/en-us/dynamics365/finance/cash-bank-management/create-check-with-blank-status","7/15/2025"
"Postdated checks","https://learn.microsoft.com/en-us/dynamics365/finance/cash-bank-management/postdated-checks","5/28/2024"
"Set up postdated checks","https://learn.microsoft.com/en-us/dynamics365/finance/cash-bank-management/tasks/set-up-postdated-checks","8/27/2025"
"Register and post a postdated check for a customer","https://learn.microsoft.com/en-us/dynamics365/finance/cash-bank-management/tasks/register-post-postdated-check-customer","8/27/2025"
"Register and post a postdated check for a vendor","https://learn.microsoft.com/en-us/dynamics365/finance/cash-bank-management/tasks/register-post-postdated-check-vendor","5/2/2024"
"Settle a postdated check from a customer","https://learn.microsoft.com/en-us/dynamics365/finance/cash-bank-management/tasks/settle-postdated-check-customer","8/27/2025"
"Settle a postdated check for a vendor","https://learn.microsoft.com/en-us/dynamics365/finance/cash-bank-management/tasks/settle-postdated-check-vendor","8/27/2025"
"Reconcile a bank account","https://learn.microsoft.com/en-us/dynamics365/finance/cash-bank-management/reconcile-bank-account","5/7/2025"
"Advanced bank reconciliation overview","https://learn.microsoft.com/en-us/dynamics365/finance/cash-bank-management/advanced-bank-reconciliation-overview","9/24/2025"
"Advanced bank reconciliation setup process","https://learn.microsoft.com/en-us/dynamics365/finance/cash-bank-management/configure-advanced-bank-reconciliation","5/8/2025"
"Set up bank reconciliation matching rules","https://learn.microsoft.com/en-us/dynamics365/finance/cash-bank-management/set-up-bank-reconciliation-matching-rules","1/4/2025"
"Set up advanced bank reconciliation import by using Electronic reporting","https://learn.microsoft.com/en-us/dynamics365/finance/accounts-payable/import-bai2-er","5/7/2025"
"Reconcile bank statements by using advanced bank reconciliation","https://learn.microsoft.com/en-us/dynamics365/finance/cash-bank-management/reconcile-bank-statements-advanced-bank-reconciliation","6/12/2025"
"Clear reversal bank statement transactions in advanced bank reconciliation","https://learn.microsoft.com/en-us/dynamics365/finance/cash-bank-management/clear-reverse-bank-stmt-trx","1/31/2024"
"Clear reversal company transactions in advanced bank reconciliation","https://learn.microsoft.com/en-us/dynamics365/finance/cash-bank-management/clear-reverse-comp-trans","9/24/2025"
"Generate a voucher in advanced bank reconciliation","https://learn.microsoft.com/en-us/dynamics365/finance/cash-bank-management/vouchers-adv-bank-rec","9/24/2025"
"Cash application in advanced bank reconciliation","https://learn.microsoft.com/en-us/dynamics365/finance/cash-bank-management/apply-cash-adv-bank-rec","11/20/2025"
"Clear bridging payments using advanced bank reconciliation","https://learn.microsoft.com/en-us/dynamics365/finance/cash-bank-management/clear-bridging-pyts-adv-bank-rec","3/25/2025"
"Update the bank journal composite entity","https://learn.microsoft.com/en-us/dynamics365/finance/dev-itpro/upgrade-bank-journal-composite-entity","10/8/2025"
"Cost accounting home page","https://learn.microsoft.com/en-us/dynamics365/finance/cost-accounting/cost-accounting-home-page","8/27/2025"
"Cost accounting terminology","https://learn.microsoft.com/en-us/dynamics365/finance/cost-accounting/terms-cost-accounting","5/15/2024"
"Fiscal calendars, fiscal years, and periods","https://learn.microsoft.com/en-us/dynamics365/finance/budgeting/fiscal-calendars-fiscal-years-periods","7/11/2025"
"Ledger and subledger accounting overview","https://learn.microsoft.com/en-us/dynamics365/finance/general-ledger/ledger-subledger","5/7/2025"
"Financial dimensions","https://learn.microsoft.com/en-us/dynamics365/finance/general-ledger/financial-dimensions","8/2/2025"
"Financial dimensions and posting","https://learn.microsoft.com/en-us/dynamics365/finance/general-ledger/default-dimensions","4/29/2024"
"Add financial dimensions to the CFO workspace","https://learn.microsoft.com/en-us/dynamics365/finance/general-ledger/cfo-workspace","5/7/2025"
"Create account structures","https://learn.microsoft.com/en-us/dynamics365/finance/general-ledger/tasks/create-account-structures","9/8/2025"
"Create dimensions and import dimension members","https://learn.microsoft.com/en-us/dynamics365/finance/cost-accounting/cost-dimension","5/3/2024"
"Cost element dimensions","https://learn.microsoft.com/en-us/dynamics365/finance/cost-accounting/cost-elements","6/25/2024"
"Create cost elements","https://learn.microsoft.com/en-us/dynamics365/finance/cost-accounting/tasks/create-cost-elements","10/2/2025"
"Cost object dimensions","https://learn.microsoft.com/en-us/dynamics365/finance/cost-accounting/cost-objects","5/3/2024"
"Create cost objects","https://learn.microsoft.com/en-us/dynamics365/finance/cost-accounting/tasks/create-cost-objects","5/3/2024"
"Map cost element dimension members to a common set of dimension members","https://learn.microsoft.com/en-us/dynamics365/finance/cost-accounting/map-cost-elements-dimension-members","5/3/2024"
"Map a cost element dimension","https://learn.microsoft.com/en-us/dynamics365/finance/cost-accounting/tasks/map-cost-element-dimension","5/3/2024"
"Dimension hierarchy","https://learn.microsoft.com/en-us/dynamics365/finance/cost-accounting/dimension-hierarchy","6/3/2022"
"Create an organization report hierarchy","https://learn.microsoft.com/en-us/dynamics365/finance/cost-accounting/tasks/create-an-organization-report-hierarchy","5/3/2024"
"Access rights for cost object controllers","https://learn.microsoft.com/en-us/dynamics365/finance/cost-accounting/access-rights-cost-object-controller","5/3/2024"
"Configure access rights for a cost object controller","https://learn.microsoft.com/en-us/dynamics365/finance/cost-accounting/tasks/configure-access-rights-cost-object-controller","10/2/2025"
"Define cost control units","https://learn.microsoft.com/en-us/dynamics365/finance/cost-accounting/tasks/define-cost-control-units","10/2/2025"
"Create a cost accounting ledger","https://learn.microsoft.com/en-us/dynamics365/finance/cost-accounting/tasks/create-cost-accounting-ledger","10/2/2025"
"Provider templates for statistical dimension members and measure providers","https://learn.microsoft.com/en-us/dynamics365/finance/cost-accounting/statistical-measure-provider-template","6/3/2022"
"Allocation bases","https://learn.microsoft.com/en-us/dynamics365/finance/cost-accounting/allocation-bases","6/3/2022"
"Create and assign a cost allocation policy to a cost control unit","https://learn.microsoft.com/en-us/dynamics365/finance/cost-accounting/tasks/create-assign-cost-allocation-policy-cost-control-unit","5/3/2024"
"Create and assign a cost behavior policy to a cost control unit","https://learn.microsoft.com/en-us/dynamics365/finance/cost-accounting/tasks/create-assign-cost-behavior-policy-cost-control-unit","5/3/2024"
"Create and assign a cost distribution policy to a cost control unit","https://learn.microsoft.com/en-us/dynamics365/finance/cost-accounting/tasks/create-assign-cost-distribution-policy-cost-control-unit","10/2/2025"
"Create a cost rollup policy","https://learn.microsoft.com/en-us/dynamics365/finance/cost-accounting/tasks/create-cost-rollup-policy","5/3/2024"
"Manage a data source for the cost accounting ledger","https://learn.microsoft.com/en-us/dynamics365/finance/cost-accounting/tasks/manage-data-source-cost-accounting-ledger","10/2/2025"
"Process and trace source data","https://learn.microsoft.com/en-us/dynamics365/finance/cost-accounting/tasks/process-trace-source-data","5/3/2024"
"Overhead calculation","https://learn.microsoft.com/en-us/dynamics365/finance/cost-accounting/overhead-calculation","6/3/2022"
"Cost rollup policy and overhead calculation","https://learn.microsoft.com/en-us/dynamics365/finance/cost-accounting/cost-rollup","6/3/2022"
"Cost control workspace","https://learn.microsoft.com/en-us/dynamics365/finance/cost-accounting/cost-control-workspace","10/14/2022"
"Configure cost control workspace parameters","https://learn.microsoft.com/en-us/dynamics365/finance/cost-accounting/tasks/configure-cost-control-workspace-parameters","10/2/2025"
"Set up security for the Cost accounting analysis Power BI content","https://learn.microsoft.com/en-us/dynamics365/fin-ops-core/dev-itpro/analytics/setup-security-cost-accounting-content-pack?context=/dynamics365/context/finance","5/7/2025"
"Cost accounting analysis Power BI content","https://learn.microsoft.com/en-us/dynamics365/fin-ops-core/dev-itpro/analytics/cost-accounting-analysis-content-pack?context=/dynamics365/context/finance","1/30/2025"
"Cost controlling mobile workspace","https://learn.microsoft.com/en-us/dynamics365/finance/cost-accounting/cost-controlling-mobile-workspace","7/17/2025"
"Electronic messaging","https://learn.microsoft.com/en-us/dynamics365/finance/general-ledger/electronic-messaging","3/18/2025"
"Set up Electronic messages","https://learn.microsoft.com/en-us/dynamics365/finance/general-ledger/electronic-messaging-setup","8/12/2022"
"Work with the Electronic messages functionality","https://learn.microsoft.com/en-us/dynamics365/finance/general-ledger/electronic-messaging-work-with-em","8/12/2022"
"Set up and run processing to call a simple exporting ER format to generate an Excel report","https://learn.microsoft.com/en-us/dynamics365/finance/general-ledger/electronic-messaging-example","5/7/2025"
"Fixed assets home page","https://learn.microsoft.com/en-us/dynamics365/finance/fixed-assets/fixed-assets","8/27/2025"
"Create a fixed asset","https://learn.microsoft.com/en-us/dynamics365/finance/fixed-assets/tasks/create-fixed-asset","5/6/2024"
"Enter an addition to a fixed asset","https://learn.microsoft.com/en-us/dynamics365/finance/fixed-assets/tasks/enter-addition-fixed-asset","5/6/2024"
"Propose fixed asset acquisitions","https://learn.microsoft.com/en-us/dynamics365/finance/fixed-assets/tasks/propose-fixed-asset-acquisitions","5/6/2024"
"Reclassify fixed assets","https://learn.microsoft.com/en-us/dynamics365/finance/fixed-assets/tasks/reclassify-fixed-assets","5/6/2024"
"Fixed asset management workspace","https://learn.microsoft.com/en-us/dynamics365/finance/fixed-assets/fixed-asset-management-workspace","5/6/2024"
"Fixed assets roll forward report","https://learn.microsoft.com/en-us/dynamics365/finance/fixed-assets/fixed-asset-roll-forward-report","5/6/2024"
"Depreciation book upgrade overview","https://learn.microsoft.com/en-us/dynamics365/finance/fixed-assets/depreciation-book-upgrade-considerations","5/6/2024"
"Derived books","https://learn.microsoft.com/en-us/dynamics365/finance/fixed-assets/derived-books","5/6/2024"
"Fixed asset value model and depreciation book merge","https://learn.microsoft.com/en-us/dynamics365/finance/fixed-assets/fixed-asset-value-model-depreciation-book-merge","5/6/2024"
"Post with derived books","https://learn.microsoft.com/en-us/dynamics365/finance/fixed-assets/post-derived-value-models","5/7/2025"
"Number of books per journal","https://learn.microsoft.com/en-us/dynamics365/finance/fixed-assets/number-books-per-journal","5/6/2024"
"Post fixed asset transactions to posting layers","https://learn.microsoft.com/en-us/dynamics365/finance/fixed-assets/post-fixed-asset-transactions-posting-layers","5/6/2024"
"Fixed asset transaction options","https://learn.microsoft.com/en-us/dynamics365/finance/fixed-assets/enter-fixed-asset-transactions","5/6/2024"
"Transfer a fixed asset","https://learn.microsoft.com/en-us/dynamics365/finance/fixed-assets/tasks/transfer-fixed-asset","5/6/2024"
"Split a fixed asset","https://learn.microsoft.com/en-us/dynamics365/finance/fixed-assets/tasks/split-fixed-asset","5/6/2024"
"Fixed asset intercompany split and transfer (preview)","https://learn.microsoft.com/en-us/dynamics365/finance/fixed-assets/split-transfer-fa","9/9/2025"
"Reduce balance depreciation after a split","https://learn.microsoft.com/en-us/dynamics365/finance/fixed-assets/reduce-balance-depreciation-after-split","5/6/2024"
"Set up fixed asset groups","https://learn.microsoft.com/en-us/dynamics365/finance/fixed-assets/tasks/set-up-fixed-asset-groups","5/6/2024"
"Change a fixed asset group","https://learn.microsoft.com/en-us/dynamics365/finance/fixed-assets/tasks/change-fixed-asset-group","5/6/2024"
"Recalculate replacement costs and insured values for fixed asset groups","https://learn.microsoft.com/en-us/dynamics365/finance/fixed-assets/recalculate-replacement-costs-insured-values-fixed-asset-groups","6/3/2022"
"Fixed asset disposal posting accounts","https://learn.microsoft.com/en-us/dynamics365/finance/fixed-assets/fixed-asset-disposal-posting-accounts","5/6/2024"
"Dispose of a fixed asset using a free text invoice","https://learn.microsoft.com/en-us/dynamics365/finance/fixed-assets/tasks/dispose-fixed-asset-free-text-invoice","5/6/2024"
"Dispose of a fixed asset as scrap","https://learn.microsoft.com/en-us/dynamics365/finance/fixed-assets/dispose-of-a-fixed-asset-as-scrap","7/11/2025"
"Fixed asset mass update","https://learn.microsoft.com/en-us/dynamics365/finance/fixed-assets/fixed-asset-mass-update","5/6/2024"
"Acquire assets through procurement","https://learn.microsoft.com/en-us/dynamics365/finance/fixed-assets/acquire-assets-procurement","6/3/2022"
"Set up fixed assets","https://learn.microsoft.com/en-us/dynamics365/finance/fixed-assets/set-up-fixed-assets","8/16/2024"
"Set up fixed asset posting profiles","https://learn.microsoft.com/en-us/dynamics365/finance/fixed-assets/tasks/set-up-fixed-asset-posting-profiles","3/29/2023"
"Fixed assets integration","https://learn.microsoft.com/en-us/dynamics365/finance/fixed-assets/fixed-asset-integration","6/5/2025"
"Create and acquire assets from Accounts payable","https://learn.microsoft.com/en-us/dynamics365/finance/fixed-assets/tasks/create-acquire-assets-accounts-payable","5/6/2024"
"Set up depreciation books","https://learn.microsoft.com/en-us/dynamics365/finance/fixed-assets/tasks/set-up-depreciation-books-2016-05","5/6/2024"
"Set up and create depreciation profiles","https://learn.microsoft.com/en-us/dynamics365/finance/fixed-assets/tasks/set-up-depreciation-profiles","5/6/2024"
"Set up value models","https://learn.microsoft.com/en-us/dynamics365/finance/fixed-assets/tasks/set-up-value-models","5/6/2024"
"Fixed asset depreciation conventions","https://learn.microsoft.com/en-us/dynamics365/finance/fixed-assets/fixed-asset-depreciation-conventions","7/11/2025"
"125 percent reducing balance depreciation","https://learn.microsoft.com/en-us/dynamics365/finance/fixed-assets/125-percent-reducing-balance-depreciation","7/11/2025"
"150 percent reducing balance depreciation","https://learn.microsoft.com/en-us/dynamics365/finance/fixed-assets/150-percent-reducing-balance-depreciation","7/11/2025"
"175 percent reducing balance depreciation","https://learn.microsoft.com/en-us/dynamics365/finance/fixed-assets/175-percent-reducing-balance-depreciation","7/11/2025"
"200 percent reducing balance depreciation","https://learn.microsoft.com/en-us/dynamics365/finance/fixed-assets/200-percent-reducing-balance-depreciation","7/11/2025"
"Half-year depreciation convention methodology","https://learn.microsoft.com/en-us/dynamics365/finance/fixed-assets/half-year-depreciation-methodology","5/6/2024"
"Bonus depreciation","https://learn.microsoft.com/en-us/dynamics365/finance/fixed-assets/bonus-depreciation","7/11/2025"
"Set up bonus depreciation","https://learn.microsoft.com/en-us/dynamics365/finance/fixed-assets/tasks/set-up-bonus-depreciation","5/6/2024"
"Consumption depreciation","https://learn.microsoft.com/en-us/dynamics365/finance/fixed-assets/consumption-depreciation","7/11/2025"
"Depreciation effects with reversals","https://learn.microsoft.com/en-us/dynamics365/finance/fixed-assets/depreciation-effects-reversals","5/6/2024"
"Depreciation methods and conventions","https://learn.microsoft.com/en-us/dynamics365/finance/fixed-assets/depreciation-methods-conventions","7/11/2025"
"Create a depreciation proposal","https://learn.microsoft.com/en-us/dynamics365/finance/fixed-assets/tasks/create-depreciation-proposal","7/15/2025"
"Factor depreciation","https://learn.microsoft.com/en-us/dynamics365/finance/fixed-assets/factor-depreciation","7/11/2025"
"Fixed asset acquisition posting accounts","https://learn.microsoft.com/en-us/dynamics365/finance/fixed-assets/fixed-asset-acquisition-posting-accounts","5/6/2024"
"Fixed asset depreciation","https://learn.microsoft.com/en-us/dynamics365/finance/fixed-assets/fixed-asset-depreciation","8/13/2025"
"Calculate fixed asset depreciation across legal entities","https://learn.microsoft.com/en-us/dynamics365/finance/fixed-assets/tasks/calculate-fixed-asset-depreciation-legal-entities","7/15/2025"
"Change depreciation conventions for multiple fixed assets","https://learn.microsoft.com/en-us/dynamics365/finance/fixed-assets/tasks/change-depreciation-conventions-multiple-fixed-assets","5/6/2024"
"Manual depreciation","https://learn.microsoft.com/en-us/dynamics365/finance/fixed-assets/manual-depreciation","7/11/2025"
"Reduce balance depreciation","https://learn.microsoft.com/en-us/dynamics365/finance/fixed-assets/reduce-balance-depreciation","7/11/2025"
"Round-off amount for depreciation calculations","https://learn.microsoft.com/en-us/dynamics365/finance/fixed-assets/round-off-amount-depreciation-calculations","7/11/2025"
"Straight line life remaining depreciation","https://learn.microsoft.com/en-us/dynamics365/finance/fixed-assets/straight-line-life-remaining-depreciation","7/11/2025"
"Straight line service life depreciation","https://learn.microsoft.com/en-us/dynamics365/finance/fixed-assets/straight-line-service-life-depreciation","4/6/2024"
"Asset leasing home page","https://learn.microsoft.com/en-us/dynamics365/finance/asset-leasing/asset-leasing-homepage","7/11/2025"
"Asset leasing get started","https://learn.microsoft.com/en-us/dynamics365/finance/asset-leasing/asset-leasing-quick-start","1/29/2025"
"Configure lease parameters","https://learn.microsoft.com/en-us/dynamics365/finance/asset-leasing/config-lease-parameters","5/7/2025"
"Set up lease books","https://learn.microsoft.com/en-us/dynamics365/finance/asset-leasing/set-up-lease-books","5/7/2025"
"Create a lease group","https://learn.microsoft.com/en-us/dynamics365/finance/asset-leasing/create-lease-group","5/7/2025"
"Add payment amount types","https://learn.microsoft.com/en-us/dynamics365/finance/asset-leasing/payment-amount-type","5/7/2025"
"Set up index rates","https://learn.microsoft.com/en-us/dynamics365/finance/asset-leasing/set-up-index-rate-types","5/7/2025"
"Set up expense types","https://learn.microsoft.com/en-us/dynamics365/finance/asset-leasing/set-up-expense-types","5/7/2025"
"Set up lease journal names","https://learn.microsoft.com/en-us/dynamics365/finance/asset-leasing/set-up-lease-journal-names","5/7/2025"
"Set up lease posting accounts","https://learn.microsoft.com/en-us/dynamics365/finance/asset-leasing/set-up-lease-posting-accts","5/7/2025"
"Assign number sequences","https://learn.microsoft.com/en-us/dynamics365/finance/asset-leasing/leasing-number-sequences","5/7/2025"
"Assign lease user roles","https://learn.microsoft.com/en-us/dynamics365/finance/asset-leasing/lease-user-roles","5/7/2025"
"Add or copy leases (Preview)","https://learn.microsoft.com/en-us/dynamics365/finance/asset-leasing/add-lease","6/5/2025"
"Create payment invoices","https://learn.microsoft.com/en-us/dynamics365/finance/asset-leasing/create-payment-invoice","5/7/2025"
"Record right-of-use asset depreciation","https://learn.microsoft.com/en-us/dynamics365/finance/asset-leasing/record-rou-asset-depreciation","5/7/2025"
"Reverse posted lease transactions","https://learn.microsoft.com/en-us/dynamics365/finance/asset-leasing/reverse-posted-lease-trans","5/7/2025"
"Asset leasing conventions","https://learn.microsoft.com/en-us/dynamics365/finance/asset-leasing/asset-leasing-convention","7/26/2024"
"Adjust leases","https://learn.microsoft.com/en-us/dynamics365/finance/asset-leasing/adjust-lease","6/3/2022"
"Impair right-of-use assets","https://learn.microsoft.com/en-us/dynamics365/finance/asset-leasing/impair-rou-asset","7/15/2025"
"Propose a lease for termination","https://learn.microsoft.com/en-us/dynamics365/finance/asset-leasing/lease-termination","11/4/2025"
"Associate fixed assets with leases","https://learn.microsoft.com/en-us/dynamics365/finance/asset-leasing/associate-lease-with-fixed-asset","5/7/2025"
"Record leases in foreign currencies","https://learn.microsoft.com/en-us/dynamics365/finance/asset-leasing/record-leases-foreign-currency","5/7/2025"
"Revalue lease payments that are linked to an index rate","https://learn.microsoft.com/en-us/dynamics365/finance/asset-leasing/revalue-payments-tied-2-index-rate","5/7/2025"
"Reclassify the short-term portion of lease liability","https://learn.microsoft.com/en-us/dynamics365/finance/asset-leasing/reclassify-st-lease-liability","5/7/2025"
"View liability, asset, and expense transactions","https://learn.microsoft.com/en-us/dynamics365/finance/asset-leasing/view-asset-transactions","4/30/2024"
"Compounding interval functionality","https://learn.microsoft.com/en-us/dynamics365/finance/asset-leasing/compound-interval-functionality","5/7/2025"
"Confirm Asset leasing payment schedules in a batch","https://learn.microsoft.com/en-us/dynamics365/finance/asset-leasing/confirm-payment-schedules-in-batch","5/7/2025"
"Create monthly journal entries in a batch","https://learn.microsoft.com/en-us/dynamics365/finance/asset-leasing/create-monthly-journals-batch","7/15/2025"
"Lease posting types","https://learn.microsoft.com/en-us/dynamics365/finance/asset-leasing/lease-posting-types","4/30/2024"
"Dual reporting","https://learn.microsoft.com/en-us/dynamics365/finance/asset-leasing/dual-reporting","6/3/2022"
"Set up lease approval workflows","https://learn.microsoft.com/en-us/dynamics365/finance/asset-leasing/set-up-lease-wrkflw","5/7/2025"
"Use lease approval workflows","https://learn.microsoft.com/en-us/dynamics365/finance/asset-leasing/use-create-lease-wrkflw","7/15/2025"
"Manage leases through the Lease import framework","https://learn.microsoft.com/en-us/dynamics365/finance/asset-leasing/manage-leases-thru-imprt-framewrk","8/16/2024"
"Asset leasing reports","https://learn.microsoft.com/en-us/dynamics365/finance/asset-leasing/asset-leasing-rprts","7/15/2025"
"General ledger home page","https://learn.microsoft.com/en-us/dynamics365/finance/general-ledger/general-ledger","8/27/2025"
"Plan your chart of accounts","https://learn.microsoft.com/en-us/dynamics365/finance/general-ledger/plan-chart-of-accounts","7/11/2025"
"Plan your local chart of accounts","https://learn.microsoft.com/en-us/dynamics365/finance/general-ledger/plan-local-chart-of-accounts","5/13/2024"
"Main account types","https://learn.microsoft.com/en-us/dynamics365/finance/general-ledger/main-account-types","7/11/2025"
"Set up main account categories","https://learn.microsoft.com/en-us/dynamics365/finance/general-ledger/tasks/set-up-main-account-categories","5/8/2024"
"Set up a ledger account alias","https://learn.microsoft.com/en-us/dynamics365/finance/general-ledger/tasks/set-up-ledger-account-alias","7/26/2024"
"Create a main account","https://learn.microsoft.com/en-us/dynamics365/finance/general-ledger/tasks/create-main-account","9/8/2025"
"Allocation terms","https://learn.microsoft.com/en-us/dynamics365/finance/general-ledger/main-account-allocation-terms","5/8/2024"
"Financial tags","https://learn.microsoft.com/en-us/dynamics365/finance/general-ledger/financial-tag","6/13/2025"